,Accuracy,Recall,Precision,F1
Hyperparameter Set #1,0.5044411547002221,0.5044411547002221,0.5195852809806736,0.4995990319258502
Hyperparameter Set #2,0.4998766345916605,0.49987663459166043,0.5187242280548852,0.49453083233956796
