,Accuracy,Recall,Precision,F1
Hyperparameter Set #1,0.4544334975369458,0.45443349753694584,0.6163511897200651,0.43193227554533453
Hyperparameter Set #2,0.4534893267651888,0.4534893267651888,0.6178097500369916,0.4289505774110701
