,R2,MSE,RMSE,MAE
Decision Tree,0.0921335973928723,3698751.5711778146,1923.2138651688779,1539.063462164188
Gradient Boost,0.13255502799422758,3534070.039273261,1879.9122424393277,1497.3668155819666
