,score,score,score,score,score,score,score,score,num_comments,num_comments,num_comments,num_comments,num_comments,num_comments,num_comments,num_comments,year,year,year,year,year,year,year,year,month,month,month,month,month,month,month,month,hour,hour,hour,hour,hour,hour,hour,hour,title_length,title_length,title_length,title_length,title_length,title_length,title_length,title_length
,count,mean,std,min,25%,50%,75%,max,count,mean,std,min,25%,50%,75%,max,count,mean,std,min,25%,50%,75%,max,count,mean,std,min,25%,50%,75%,max,count,mean,std,min,25%,50%,75%,max,count,mean,std,min,25%,50%,75%,max
time_of_day,,,,,,,,,,,,,,,,,,,,,,,,,,,,,,,,,,,,,,,,,,,,,,,,
Night,11843.0,261.9832812631935,2523.131294079868,0.0,1.0,2.0,30.0,111262.0,11843.0,33.96740690703369,930.121503224137,0.0,1.0,2.0,8.0,90086.0,11843.0,2021.2839652115174,0.4509391758539129,2021.0,2021.0,2021.0,2022.0,2022.0,11843.0,5.101494553744828,3.2523230826202054,1.0,2.0,5.0,7.0,12.0,11843.0,3.015452165836359,1.6361317885981983,1.0,2.0,3.0,4.0,6.0,11843.0,75.1052942666554,47.53569996672596,1.0,47.0,69.0,91.0,313.0
Morning,7278.0,547.5992030777686,3983.825067950624,0.0,1.0,3.0,59.75,113834.0,7278.0,44.07928002198406,297.77132159367295,0.0,1.0,2.0,11.0,8028.0,7278.0,2021.3025556471557,0.45939604390587613,2021.0,2021.0,2021.0,2022.0,2022.0,7278.0,5.424841989557571,3.1981509311834633,1.0,3.0,5.0,8.0,12.0,7278.0,10.174773289365211,1.7430711838915696,7.0,9.0,11.0,12.0,12.0,7278.0,76.80296784830998,46.19201824923222,1.0,51.0,71.0,93.0,315.0
Afternoon,21326.0,434.8872737503517,3113.7194224639325,0.0,1.0,7.0,59.0,99960.0,21326.0,36.442323923848825,282.7436987487197,0.0,1.0,2.0,12.0,19647.0,21326.0,2021.3091062552753,0.46213590289233364,2021.0,2021.0,2021.0,2022.0,2022.0,21326.0,5.370674294288662,3.207763294787811,1.0,3.0,5.0,8.0,12.0,21326.0,15.629185032354872,1.6789377990214505,13.0,14.0,16.0,17.0,18.0,21326.0,78.91503329269436,47.84182909864721,1.0,53.0,72.0,93.0,315.0
Evening,16738.0,384.97042657426215,3518.108858332663,0.0,1.0,5.0,44.0,116221.0,16738.0,32.09588959254391,417.0558398887399,0.0,1.0,2.0,10.0,32107.0,16738.0,2021.2989007049828,0.45778990186608903,2021.0,2021.0,2021.0,2022.0,2022.0,16738.0,5.177739275899151,3.2451767276127943,1.0,2.0,5.0,8.0,12.0,16738.0,20.879077548094156,1.4133102828141846,19.0,20.0,21.0,22.0,23.0,16738.0,77.8747162146015,47.1896317206563,1.0,52.0,71.0,92.0,308.0
