,score,score,score,score,score,score,score,score,num_comments,num_comments,num_comments,num_comments,num_comments,num_comments,num_comments,num_comments,year,year,year,year,year,year,year,year,month,month,month,month,month,month,month,month,hour,hour,hour,hour,hour,hour,hour,hour,title_length,title_length,title_length,title_length,title_length,title_length,title_length,title_length
,count,mean,std,min,25%,50%,75%,max,count,mean,std,min,25%,50%,75%,max,count,mean,std,min,25%,50%,75%,max,count,mean,std,min,25%,50%,75%,max,count,mean,std,min,25%,50%,75%,max,count,mean,std,min,25%,50%,75%,max
election_year,,,,,,,,,,,,,,,,,,,,,,,,,,,,,,,,,,,,,,,,,,,,,,,,
False,42014.0,392.8763745418194,3236.0629278467836,0.0,1.0,5.0,40.0,116221.0,42014.0,35.435807111915075,609.0117070967916,0.0,1.0,2.0,10.0,90086.0,42014.0,2021.0,0.0,2021.0,2021.0,2021.0,2021.0,2021.0,42014.0,5.605845670490789,3.4898849532221248,1.0,2.0,5.0,8.0,12.0,42014.0,13.152591993145142,7.159752466478005,0.0,7.0,15.0,19.0,23.0,42014.0,77.09720569334031,48.078391121747664,1.0,50.0,71.0,92.0,315.0
True,17986.0,398.91059713110195,3148.48463243696,0.0,1.0,5.0,70.0,113834.0,17986.0,36.9389525186256,294.588640874379,0.0,1.0,2.0,13.0,25434.0,17986.0,2022.0,0.0,2022.0,2022.0,2022.0,2022.0,2022.0,17986.0,4.427610363616146,2.3078867656277224,1.0,2.0,4.0,6.0,8.0,17986.0,13.341098632269542,7.040888404858088,0.0,8.0,15.0,19.0,23.0,17986.0,78.42266207049927,45.46991411868431,1.0,54.0,72.0,92.0,308.0
