,score,score,score,score,score,score,score,score,num_comments,num_comments,num_comments,num_comments,num_comments,num_comments,num_comments,num_comments,year,year,year,year,year,year,year,year,month,month,month,month,month,month,month,month,hour,hour,hour,hour,hour,hour,hour,hour,title_length,title_length,title_length,title_length,title_length,title_length,title_length,title_length
,count,mean,std,min,25%,50%,75%,max,count,mean,std,min,25%,50%,75%,max,count,mean,std,min,25%,50%,75%,max,count,mean,std,min,25%,50%,75%,max,count,mean,std,min,25%,50%,75%,max,count,mean,std,min,25%,50%,75%,max
subreddit,,,,,,,,,,,,,,,,,,,,,,,,,,,,,,,,,,,,,,,,,,,,,,,,
Republican,20000.0,46.56315,147.27689681784554,0.0,1.0,6.0,23.0,2826.0,20000.0,6.5069,20.886035136262354,0.0,0.0,1.0,4.0,458.0,20000.0,2021.3131,0.463766260046155,2021.0,2021.0,2021.0,2022.0,2022.0,20000.0,5.99445,3.29149827518484,1.0,3.0,6.0,8.0,12.0,20000.0,13.33805,6.923515649649934,0.0,9.0,15.0,19.0,23.0,20000.0,76.8219,48.0278910041417,1.0,48.0,71.0,95.0,312.0
democrats,20000.0,89.35005,390.8034254978666,0.0,1.0,3.0,30.0,34598.0,20000.0,11.23155,31.89006715917467,0.0,0.0,1.0,7.0,783.0,20000.0,2021.32195,0.4672356075425414,2021.0,2021.0,2021.0,2022.0,2022.0,20000.0,5.03455,3.114456820950401,1.0,2.0,5.0,7.0,12.0,20000.0,13.02235,7.376514836022246,0.0,6.0,15.0,19.0,23.0,20000.0,74.2065,52.173801500639684,1.0,40.0,66.0,90.0,315.0
politics,20000.0,1048.1425,5486.1774263626785,0.0,1.0,6.0,166.0,116221.0,20000.0,89.92075,922.6919276709355,0.0,1.0,6.0,34.0,90086.0,20000.0,2021.26425,0.4409440543685266,2021.0,2021.0,2021.0,2022.0,2022.0,20000.0,4.72895,3.137510812125563,1.0,2.0,4.0,7.0,12.0,20000.0,13.2669,7.063303681914373,0.0,7.0,15.0,19.0,23.0,20000.0,81.4552,40.75090949649148,1.0,59.0,74.0,91.0,313.0
