,Month,Month,Month,Month,Month,Month,Month,Month,CPI,CPI,CPI,CPI,CPI,CPI,CPI,CPI,Unemp_Rate,Unemp_Rate,Unemp_Rate,Unemp_Rate,Unemp_Rate,Unemp_Rate,Unemp_Rate,Unemp_Rate,DOW,DOW,DOW,DOW,DOW,DOW,DOW,DOW
,count,mean,std,min,25%,50%,75%,max,count,mean,std,min,25%,50%,75%,max,count,mean,std,min,25%,50%,75%,max,count,mean,std,min,25%,50%,75%,max
Year,,,,,,,,,,,,,,,,,,,,,,,,,,,,,,,,
2020,12.0,6.5,3.605551275463989,1.0,3.75,6.5,9.25,12.0,12.0,258.83824999999996,1.777963396954252,255.944,257.928,258.84450000000004,260.2305,261.564,12.0,8.091666666666669,3.616743470766669,3.5,6.125,7.4,10.399999999999999,14.7,12.0,26809.97,2499.0230395132776,21917.16,25402.7975,26464.96,28601.6825,30606.48
2021,12.0,6.5,3.605551275463989,1.0,3.75,6.5,9.25,12.0,12.0,270.96541666666667,5.900309475062736,262.2,266.30224999999996,271.5695,274.808,280.126,12.0,5.358333333333334,0.8317105411394186,3.9,4.675,5.6,6.0,6.4,12.0,33965.42083333333,1880.1490638653602,29982.62,33628.3275,34493.115000000005,35041.785,36338.3
