,topic,negative,neutral,positive,% negative,% positive
0,climate,1227,100,755,58.933717579250725,36.263208453410186
1,economy,6353,389,3016,65.10555441688871,30.90797294527567
2,healthcare,8460,535,3906,65.57631191380513,30.27672273467173
3,police,13158,845,5792,66.47133114422834,29.259914119727203
